insert into Account(id,email,password,role,phone,address,activated) values ( '11111111-1111-1111-1111-111111111111','wayonlinn@gmail.com','$2a$10$yxOkpztjvGkiHrNdQoxkr.GEB9I/HZOgRHJ8PZR1.fi9B5xqI2P/q','JOBSEEKER','09778206157','Building 7, Aung San Road, Kamayut Township, Yangon',true);
insert into Account(id,email,password,role,phone,address,activated) values ( '00000000-0000-0000-0000-000000000000','htetaung@gmail.com','$2a$10$yxOkpztjvGkiHrNdQoxkr.GEB9I/HZOgRHJ8PZR1.fi9B5xqI2P/q','JOBSEEKER','09779206158','Building 9, Htike San Road, Sanchaung Township, Yangon',true);

insert into Account(id,email,password,role,phone,address,activated) values ( '22222222-2222-2222-2222-222222222222','lotto@gmail.com','$2a$10$qZeq7Kl6WPNTyMXeueK3sORJDAWtN92ZsKj4v6Ipe5rr9EEAdshFe','EMPLOYER','09985708315','Room 305, Golden Plaza, Pyay Road, Sanchaung Township, Yangon',true);
INSERT INTO Employer(account_id, company_name, website, profile_picture_url, about_us) VALUES ('22222222-2222-2222-2222-222222222222', 'Tech Solutions Ltd', 'https://lotto.com', '/pictures/techsolutions.jpg', 'Tech Solutions Ltd is a leading provider of innovative IT solutions, offering end-to-end software development, system integration, and digital transformation services to clients across Asia and beyond. We strive to build scalable, secure, and efficient systems that empower businesses.');
INSERT INTO job (id,title, category, location, job_type, work_mode, experience, salary_min, salary_max, description, requirements, benefits, deadline, application_email, posted_at, employer_id,closed) VALUES ('1','Frontend Developer', 'IT', 'Sanchaung, Yangon', 'FULL_TIME', 'HYBRID', 'Mid', 500000, 700000, 'We are looking for a talented frontend developer to join our team.', '3+ years of experience with React or similar frameworks.', 'Health insurance, Remote work options, Paid time off.', '2025-09-30', 'apply@example.com', '2025-05-08', '22222222-2222-2222-2222-222222222222','false');
INSERT INTO job (id,title, category, location, job_type, work_mode, experience, salary_min, salary_max, description, requirements, benefits, deadline, application_email, posted_at, employer_id,closed) VALUES ('8','Backend Developer', 'IT', 'Sanchaung, Yangon', 'PART_TIME', 'REMOTE', 'Mid', 500000, 700000, 'We are looking for a talented backend developer to join our team.', '3+ years of experience with React or similar frameworks.', 'Health insurance, Remote work options, Paid time off.', '2025-08-30', 'apply@example.com', '2025-05-26', '22222222-2222-2222-2222-222222222222','false');


INSERT INTO Account(id,email,password,role,phone,address,activated) VALUES ('33333333-3333-3333-3333-333333333333','engco@gmail.com','$2a$10$8KDb8IrfvV6GlCEJ2R0zuuGipV3Z.3U0FWDupnCZ9.HuhgoKXrFSa','EMPLOYER','09910020030','No. 45, Baho Street, Mayangone Township, Yangon, Myanmar',true);
INSERT INTO Employer(account_id, company_name, website, profile_picture_url, about_us) VALUES ('33333333-3333-3333-3333-333333333333', 'Engineering Co', 'https://engineeringco.com', '/pictures/engineeringco.jpg', 'Engineering Co specializes in mechanical and industrial design, working with international manufacturing partners to deliver robust engineering solutions. Our mission is to drive innovation in infrastructure, energy, and automation through excellence in design and execution.');
INSERT INTO job (id,title, category, location, job_type, work_mode, experience, salary_min, salary_max, description, requirements, benefits, deadline, application_email, posted_at, employer_id,closed) VALUES ('2','Mechanical Engineer','Engineering','Mayangone, Yangon','FULL_TIME','ON_SITE','Mid',450000,600000,'Looking for a mechanical engineer for industrial design.','Mechanical engineering degree and 3+ years experience.','Bonuses, Health insurance.','2025-07-20','engineer@engco.com','2025-05-10','33333333-3333-3333-3333-333333333333','false');

INSERT INTO Account(id,email,password,role,phone,address,activated) VALUES ('44444444-4444-4444-4444-444444444444','bankpro@gmail.com','$2a$10$2oCE1zCJrq1nbxnAf8GnS.gTj5W1XJszVJm0c7t3yVxRW8puk3V1a','EMPLOYER','09876543210','Shop No. 9, Sule Square, Merchant Road, Yangon',true);
INSERT INTO Employer(account_id, company_name, website, profile_picture_url, about_us) VALUES ('44444444-4444-4444-4444-444444444444', 'BankPro Inc', 'https://bankpro.com', '/pictures/bankpro.jpg', 'BankPro Inc is a trusted name in investment banking and financial analysis. We provide clients with data-driven insights, strategic investment advice, and technology-backed financial tools to make smarter decisions. Our commitment to innovation and integrity sets us apart in the banking industry.');
INSERT INTO job (id,title, category, location, job_type, work_mode, experience, salary_min, salary_max, description, requirements, benefits, deadline, application_email, posted_at, employer_id,closed) VALUES ('3','Banking Analyst','Banking','Sule, Yangon','FULL_TIME','ON_SITE','Entry',400000,550000,'Join our investment analysis team.','Finance or Economics degree, Excel & SQL skills.','401k, Health insurance, Paid leave.','2025-09-25','apply@bankpro.com','2025-05-11','44444444-4444-4444-4444-444444444444','false');

INSERT INTO Account(id,email,password,role,phone,address,activated) VALUES ('55555555-5555-5555-5555-555555555555','saleshub@gmail.com','$2a$10$1knC8SJiA3QyC0rlyPoZHe3fC5iyzKqzzyfK7LnknRSWbdDK0XnK2','EMPLOYER','09700112233','No. 12, 34th Street, Yankin Township, Yangon, Myanmar',true);
INSERT INTO Employer(account_id, company_name, website, profile_picture_url, about_us) VALUES ('55555555-5555-5555-5555-555555555555', 'Sales Hub', 'https://saleshub.com', '/pictures/sales.jpg', 'Sales Hub is a performance-driven sales and marketing firm dedicated to helping companies grow their revenue. We partner with startups and enterprises to build high-performing sales teams, craft winning strategies, and drive measurable business growth through personalized services.');
INSERT INTO job (id,title, category, location, job_type, work_mode, experience, salary_min, salary_max, description, requirements, benefits, deadline, application_email, posted_at, employer_id,closed) VALUES ('4','Sales Executive','Sales','Yankin, Yangon','FULL_TIME','HYBRID','Mid',350000,500000,'Looking for an experienced sales executive.','Strong communication skills and 2+ years in sales.','Commissions, Travel reimbursements.','2025-09-01','jobs@saleshub.com','2025-05-12','55555555-5555-5555-5555-555555555555','false');

INSERT INTO Account(id,email,password,role,phone,address,activated) VALUES ('66666666-6666-6666-6666-666666666666','marketcorp@gmail.com','$2a$10$SnNYpJ3.XlTg.JX3IACtIegK57ydl9.LFAPnp4j.y5S6Z5BHwPQwq','EMPLOYER','09456781234','Flat 4B, Sunrise Condominium, Kabar Aye Pagoda Road, Yankin, Yangon',true);
INSERT INTO Employer(account_id, company_name, website, profile_picture_url, about_us) VALUES ('66666666-6666-6666-6666-666666666666', 'Market Corp', 'https://marketcorp.com', '/pictures/market.jpg', 'Market Corp is a dynamic digital marketing agency that specializes in SEO, PPC, content marketing, and brand strategy. We help businesses expand their online presence and customer reach with innovative, data-backed marketing campaigns tailored to each client’s unique goals.');
INSERT INTO job (id,title, category, location, job_type, work_mode, experience, salary_min, salary_max, description, requirements, benefits, deadline, application_email, posted_at, employer_id,closed) VALUES ('5','Digital Marketing Specialist','Marketing','Remote','PART_TIME','REMOTE','Senior',300000,450000,'Drive our digital campaigns across platforms.','SEO, PPC, Social Media Marketing expertise.','Remote work, Flexible hours.','2025-09-18','apply@marketcorp.com','2025-05-12','66666666-6666-6666-6666-666666666666','false');

INSERT INTO Account(id,email,password,role,phone,address,activated) VALUES ('77777777-7777-7777-7777-777777777777','designlab@gmail.com','$2a$10$FiZ8uH7u5FLmZZUdTxObFeVd0kP4p3rgjAjHFlB2u8iXf2E7YhkJK','EMPLOYER','09123456789','No. 102, Inya Road, Bahan Township, Yangon, Myanmar',true);
INSERT INTO Employer(account_id, company_name, website, profile_picture_url, about_us) VALUES ('77777777-7777-7777-7777-777777777777', 'Design Lab', 'https://designlab.com', '/pictures/design.jpg', 'Design Lab is a creative design studio focused on crafting intuitive and aesthetically pleasing UI/UX experiences. Our team of designers and product thinkers work closely with clients to transform ideas into beautiful, functional digital products across web and mobile platforms.');
INSERT INTO job (id,title, category, location, job_type, work_mode, experience, salary_min, salary_max, description, requirements, benefits, deadline, application_email, posted_at, employer_id,closed) VALUES ('6','UI/UX Designer','Design','Bahan, Yangon','FULL_TIME','HYBRID','Mid',450000,650000,'Design user interfaces for web and mobile.','Portfolio, Figma, Adobe XD skills required.','Flexible hours, Paid leave.','2025-09-29','design@designlab.com','2025-05-13','77777777-7777-7777-7777-777777777777','false');

INSERT INTO Account(id,email,password,role,phone,address,activated) VALUES ('88888888-8888-8888-8888-888888888888','glassservice@gmail.com','$2a$10$cfU0.OF/EjqwMEvhkqp8Pew3h9zZYdDiQAP9NtvDkdXo3Hac06E8O','EMPLOYER','09567890123','Block C, Shwe Taung Plaza, Insein Road, Hlaing Township, Yangon',true);
INSERT INTO Employer(account_id, company_name, website, profile_picture_url, about_us) VALUES ('88888888-8888-8888-8888-888888888888', 'Glass Service Solutions', 'https://service.com', '/pictures/glassService.jpg', 'Glass Service Solutions is a versatile business service provider offering support across administration, logistics, and customer service domains. We empower companies by streamlining their operations with efficient, flexible solutions tailored to their industry-specific needs.');
INSERT INTO job (id,title, category, location, job_type, work_mode, experience, salary_min, salary_max, description, requirements, benefits, deadline, application_email, posted_at, employer_id,closed) VALUES ('7','Administrative Assistant','Others','Insein, Yangon','FULL_TIME','ON_SITE','Entry',250000,350000,'Assist office operations and scheduling.','Detail-oriented, good communication skills.','Health benefits, Annual bonus.','2025-06-22','hr@miscjobs.com','2025-05-13','88888888-8888-8888-8888-888888888888','false');

insert into job_seeker(account_id,personal_name,profile_picture_url,profile_summary,date_of_birth) values ( '11111111-1111-1111-1111-111111111111','Wai Yan','/pictures/waiyan.jpg','Motivated software engineer with experience in Java, Spring Boot, and RESTful API development. Passionate about backend engineering and learning cloud technologies.','1999-03-21');
INSERT INTO job_seeker_skills (job_seeker_id, skills) VALUES ('11111111-1111-1111-1111-111111111111', 'Java');
INSERT INTO job_seeker_skills (job_seeker_id, skills) VALUES ('11111111-1111-1111-1111-111111111111', 'Spring Boot');
INSERT INTO job_seeker_skills (job_seeker_id, skills) VALUES ('11111111-1111-1111-1111-111111111111', 'PostgreSQL');
INSERT INTO job_seeker_skills (job_seeker_id, skills) VALUES('11111111-1111-1111-1111-111111111111', 'Docker');
INSERT INTO job_seeker_skills (job_seeker_id, skills) VALUES ('11111111-1111-1111-1111-111111111111', 'Git');

insert into job_seeker(account_id,personal_name,profile_picture_url,profile_summary,date_of_birth) values ( '00000000-0000-0000-0000-000000000000','Htet Aung','/pictures/htetaung.jpg','Highly active senior software engineer with experience in JavaScript,Java,React, Spring Boot, and RESTful API development. Willing to learn more about backend engineering and learning cloud technologies.','1999-03-21');
INSERT INTO job_seeker_skills (job_seeker_id, skills) VALUES ('00000000-0000-0000-0000-000000000000', 'Java');
INSERT INTO job_seeker_skills (job_seeker_id, skills) VALUES ('00000000-0000-0000-0000-000000000000', 'Spring Boot');
INSERT INTO job_seeker_skills (job_seeker_id, skills) VALUES ('00000000-0000-0000-0000-000000000000', 'PostgreSQL');
INSERT INTO job_seeker_skills (job_seeker_id, skills) VALUES('00000000-0000-0000-0000-000000000000', 'React');
INSERT INTO job_seeker_skills (job_seeker_id, skills) VALUES ('00000000-0000-0000-0000-000000000000', 'JavaScript');

INSERT INTO application (applied_at,id,job_id,job_seeker_account_id,resume_url,status) VALUES ('2025-07-13 13:01:32.118065','1','8','11111111-1111-1111-1111-111111111111','resume_waiyan@gmail.com_1752388292111','NEW');
INSERT INTO application (applied_at,id,job_id,job_seeker_account_id,resume_url,status) VALUES ('2025-07-18 15:01:32.118070','2','8','00000000-0000-0000-0000-000000000000','resume_htetaung@gmail.com_1752388292110','NEW');

SELECT setval('job_id_seq', (SELECT MAX(id) FROM job));
SELECT setval('application_id_seq', (SELECT MAX(id) FROM application));
